id,fiscal_year,category,amount,unit,created_at
1,2025,Paddy,2369,amount in rupees per quintal,2026-01-24 10:36:06.380194
2,2025,Maize,2400,amount in rupees per quintal,2026-01-24 10:36:06.413851
3,2025,Tur,8000,amount in rupees per quintal,2026-01-24 10:36:06.414215
4,2025,Moong,8768,amount in rupees per quintal,2026-01-24 10:36:06.414462
5,2025,Urad,7800,amount in rupees per quintal,2026-01-24 10:36:06.41469
6,2024,Paddy,2300,amount in rupees per quintal,2026-01-24 10:36:06.414914
7,2024,Maize,2225,amount in rupees per quintal,2026-01-24 10:36:06.415152
8,2024,Wheat,2425,amount in rupees per quintal,2026-01-24 10:36:06.415414
9,2024,Gram,5650,amount in rupees per quintal,2026-01-24 10:36:06.415642
10,2024,Tur,7550,amount in rupees per quintal,2026-01-24 10:36:06.415865
11,2024,Moong,8682,amount in rupees per quintal,2026-01-24 10:36:06.416109
12,2024,Urad,7400,amount in rupees per quintal,2026-01-24 10:36:06.416326
13,2023,Paddy,2183,amount in rupees per quintal,2026-01-24 10:36:06.416508
14,2023,Maize,2090,amount in rupees per quintal,2026-01-24 10:36:06.416689
15,2023,Wheat,2275,amount in rupees per quintal,2026-01-24 10:36:06.416896
16,2023,Gram,5440,amount in rupees per quintal,2026-01-24 10:36:06.417107
17,2023,Tur,7000,amount in rupees per quintal,2026-01-24 10:36:06.41737
18,2023,Moong,8558,amount in rupees per quintal,2026-01-24 10:36:06.417585
19,2023,Urad,6950,amount in rupees per quintal,2026-01-24 10:36:06.417804
20,2022,Paddy,2040,amount in rupees per quintal,2026-01-24 10:36:06.418023
21,2022,Maize,1962,amount in rupees per quintal,2026-01-24 10:36:06.418318
22,2022,Wheat,2125,amount in rupees per quintal,2026-01-24 10:36:06.41855
23,2022,Gram,5335,amount in rupees per quintal,2026-01-24 10:36:06.418789
24,2022,Tur,6600,amount in rupees per quintal,2026-01-24 10:36:06.418998
25,2022,Moong,7755,amount in rupees per quintal,2026-01-24 10:36:06.419194
26,2022,Urad,6600,amount in rupees per quintal,2026-01-24 10:36:06.419375
27,2021,Paddy,1940,amount in rupees per quintal,2026-01-24 10:36:06.419554
28,2021,Maize,1870,amount in rupees per quintal,2026-01-24 10:36:06.419715
29,2021,Wheat,2015,amount in rupees per quintal,2026-01-24 10:36:06.419883
30,2021,Gram,5230,amount in rupees per quintal,2026-01-24 10:36:06.420046
31,2021,Tur,6300,amount in rupees per quintal,2026-01-24 10:36:06.420254
32,2021,Moong,7275,amount in rupees per quintal,2026-01-24 10:36:06.420428
33,2021,Urad,6300,amount in rupees per quintal,2026-01-24 10:36:06.420589
34,2020,Paddy,1868,amount in rupees per quintal,2026-01-24 10:36:06.42077
35,2020,Maize,1850,amount in rupees per quintal,2026-01-24 10:36:06.420952
36,2020,Wheat,1975,amount in rupees per quintal,2026-01-24 10:36:06.421135
37,2020,Gram,5100,amount in rupees per quintal,2026-01-24 10:36:06.421382
38,2020,Tur,6000,amount in rupees per quintal,2026-01-24 10:36:06.421587
39,2020,Moong,7196,amount in rupees per quintal,2026-01-24 10:36:06.421812
40,2020,Urad,6000,amount in rupees per quintal,2026-01-24 10:36:06.422015
41,2019,Paddy,1815,amount in rupees per quintal,2026-01-24 10:36:06.422213
42,2019,Maize,1760,amount in rupees per quintal,2026-01-24 10:36:06.422386
43,2019,Wheat,1925,amount in rupees per quintal,2026-01-24 10:36:06.422546
44,2019,Gram,4875,amount in rupees per quintal,2026-01-24 10:36:06.422721
45,2019,Tur,5800,amount in rupees per quintal,2026-01-24 10:36:06.422886
46,2019,Moong,7050,amount in rupees per quintal,2026-01-24 10:36:06.423048
47,2019,Urad,5700,amount in rupees per quintal,2026-01-24 10:36:06.423225
48,2018,Paddy,1750,amount in rupees per quintal,2026-01-24 10:36:06.423389
49,2018,Maize,1700,amount in rupees per quintal,2026-01-24 10:36:06.423549
50,2018,Wheat,1840,amount in rupees per quintal,2026-01-24 10:36:06.42371
51,2018,Gram,4620,amount in rupees per quintal,2026-01-24 10:36:06.423869
52,2018,Tur,5675,amount in rupees per quintal,2026-01-24 10:36:06.424046
53,2018,Moong,6975,amount in rupees per quintal,2026-01-24 10:36:06.424227
54,2018,Urad,5600,amount in rupees per quintal,2026-01-24 10:36:06.424389
55,2017,Paddy,1550,amount in rupees per quintal,2026-01-24 10:36:06.424552
56,2017,Maize,1425,amount in rupees per quintal,2026-01-24 10:36:06.424719
57,2017,Wheat,1735,amount in rupees per quintal,2026-01-24 10:36:06.424881
58,2017,Gram,4400,amount in rupees per quintal,2026-01-24 10:36:06.425042
59,2017,Tur,5450,amount in rupees per quintal,2026-01-24 10:36:06.425292
60,2017,Moong,5575,amount in rupees per quintal,2026-01-24 10:36:06.42555
61,2017,Urad,5400,amount in rupees per quintal,2026-01-24 10:36:06.425771
62,2016,Paddy,1470,amount in rupees per quintal,2026-01-24 10:36:06.425966
63,2016,Maize,1365,amount in rupees per quintal,2026-01-24 10:36:06.426197
64,2016,Wheat,1625,amount in rupees per quintal,2026-01-24 10:36:06.426429
65,2016,Gram,4000,amount in rupees per quintal,2026-01-24 10:36:06.426618
66,2016,Tur,5050,amount in rupees per quintal,2026-01-24 10:36:06.426783
67,2016,Moong,5225,amount in rupees per quintal,2026-01-24 10:36:06.427007
68,2016,Urad,5000,amount in rupees per quintal,2026-01-24 10:36:06.427178
69,2015,Paddy,1410,amount in rupees per quintal,2026-01-24 10:36:06.427358
70,2015,Maize,1325,amount in rupees per quintal,2026-01-24 10:36:06.427525
71,2015,Wheat,1525,amount in rupees per quintal,2026-01-24 10:36:06.427683
72,2015,Gram,3500,amount in rupees per quintal,2026-01-24 10:36:06.427892
73,2015,Tur,4625,amount in rupees per quintal,2026-01-24 10:36:06.4281
74,2015,Moong,4850,amount in rupees per quintal,2026-01-24 10:36:06.4283
75,2015,Urad,4625,amount in rupees per quintal,2026-01-24 10:36:06.428523
76,2014,Paddy,1360,amount in rupees per quintal,2026-01-24 10:36:06.428775
77,2014,Maize,1310,amount in rupees per quintal,2026-01-24 10:36:06.428969
78,2014,Wheat,1450,amount in rupees per quintal,2026-01-24 10:36:06.429156
79,2014,Gram,3175,amount in rupees per quintal,2026-01-24 10:36:06.429327
80,2014,Tur,4350,amount in rupees per quintal,2026-01-24 10:36:06.42949
81,2014,Moong,4600,amount in rupees per quintal,2026-01-24 10:36:06.42965
82,2014,Urad,4350,amount in rupees per quintal,2026-01-24 10:36:06.429815
83,2013,Paddy,1310,amount in rupees per quintal,2026-01-24 10:36:06.429976
84,2013,Maize,1310,amount in rupees per quintal,2026-01-24 10:36:06.4302
85,2013,Wheat,1400,amount in rupees per quintal,2026-01-24 10:36:06.430444
86,2013,Gram,3100,amount in rupees per quintal,2026-01-24 10:36:06.430636
87,2013,Tur,4300,amount in rupees per quintal,2026-01-24 10:36:06.430837
88,2013,Moong,4500,amount in rupees per quintal,2026-01-24 10:36:06.43101
89,2013,Urad,4300,amount in rupees per quintal,2026-01-24 10:36:06.431209
90,2012,Paddy,1250,amount in rupees per quintal,2026-01-24 10:36:06.431565
91,2012,Maize,1175,amount in rupees per quintal,2026-01-24 10:36:06.431753
92,2012,Wheat,1350,amount in rupees per quintal,2026-01-24 10:36:06.431927
93,2012,Gram,3000,amount in rupees per quintal,2026-01-24 10:36:06.432107
94,2012,Tur,3850,amount in rupees per quintal,2026-01-24 10:36:06.432288
95,2012,Moong,4400,amount in rupees per quintal,2026-01-24 10:36:06.432467
96,2025,Gram,5800,amount in rupees per quintal,2026-01-24 10:36:06.432635
97,2012,Urad,4300,amount in rupees per quintal,2026-01-24 10:36:06.432824
98,2011,Paddy,1080,amount in rupees per quintal,2026-01-24 10:36:06.432999
99,2011,Maize,980,amount in rupees per quintal,2026-01-24 10:36:06.433176
100,2011,Wheat,1285,amount in rupees per quintal,2026-01-24 10:36:06.433359
101,2011,Gram,2800,amount in rupees per quintal,2026-01-24 10:36:06.43356
102,2011,Tur,3700,amount in rupees per quintal,2026-01-24 10:36:06.433784
103,2011,Moong,4000,amount in rupees per quintal,2026-01-24 10:36:06.434015
104,2011,Urad,3800,amount in rupees per quintal,2026-01-24 10:36:06.434212
105,2010,Paddy,1000,amount in rupees per quintal,2026-01-24 10:36:06.434383
106,2010,Maize,880,amount in rupees per quintal,2026-01-24 10:36:06.434553
107,2010,Wheat,1170,amount in rupees per quintal,2026-01-24 10:36:06.434733
108,2010,Gram,2100,amount in rupees per quintal,2026-01-24 10:36:06.434899
109,2010,Tur,3500,amount in rupees per quintal,2026-01-24 10:36:06.435055
110,2010,Moong,3670,amount in rupees per quintal,2026-01-24 10:36:06.435238
111,2010,Urad,3400,amount in rupees per quintal,2026-01-24 10:36:06.435401
112,2009,Paddy,1050,amount in rupees per quintal,2026-01-24 10:36:06.435566
113,2009,Maize,840,amount in rupees per quintal,2026-01-24 10:36:06.43573
114,2009,Wheat,1100,amount in rupees per quintal,2026-01-24 10:36:06.43589
115,2009,Gram,1760,amount in rupees per quintal,2026-01-24 10:36:06.436051
116,2009,Tur,2300,amount in rupees per quintal,2026-01-24 10:36:06.436245
117,2009,Moong,2760,amount in rupees per quintal,2026-01-24 10:36:06.43646
118,2009,Urad,2520,amount in rupees per quintal,2026-01-24 10:36:06.436684
119,2008,Paddy,900,amount in rupees per quintal,2026-01-24 10:36:06.436882
120,2008,Maize,840,amount in rupees per quintal,2026-01-24 10:36:06.437047
121,2008,Wheat,1080,amount in rupees per quintal,2026-01-24 10:36:06.437243
122,2008,Gram,1730,amount in rupees per quintal,2026-01-24 10:36:06.437415
123,2008,Tur,2000,amount in rupees per quintal,2026-01-24 10:36:06.437572
124,2008,Moong,2520,amount in rupees per quintal,2026-01-24 10:36:06.437735
125,2008,Urad,2520,amount in rupees per quintal,2026-01-24 10:36:06.437896
126,2007,Paddy,745,amount in rupees per quintal,2026-01-24 10:36:06.438059
127,2007,Maize,620,amount in rupees per quintal,2026-01-24 10:36:06.438263
128,2007,Wheat,1000,amount in rupees per quintal,2026-01-24 10:36:06.438444
129,2007,Gram,1600,amount in rupees per quintal,2026-01-24 10:36:06.438638
130,2007,Tur,1550,amount in rupees per quintal,2026-01-24 10:36:06.438836
131,2007,Moong,1700,amount in rupees per quintal,2026-01-24 10:36:06.43904
132,2007,Urad,1700,amount in rupees per quintal,2026-01-24 10:36:06.439264
133,2006,Paddy,580,amount in rupees per quintal,2026-01-24 10:36:06.439461
134,2006,Maize,540,amount in rupees per quintal,2026-01-24 10:36:06.439667
135,2006,Wheat,850,amount in rupees per quintal,2026-01-24 10:36:06.439866
136,2006,Gram,1445,amount in rupees per quintal,2026-01-24 10:36:06.440091
137,2006,Tur,1410,amount in rupees per quintal,2026-01-24 10:36:06.440335
138,2006,Moong,1520,amount in rupees per quintal,2026-01-24 10:36:06.440548
139,2006,Urad,1520,amount in rupees per quintal,2026-01-24 10:36:06.440733
140,2005,Paddy,570,amount in rupees per quintal,2026-01-24 10:36:06.44093
141,2005,Maize,525,amount in rupees per quintal,2026-01-24 10:36:06.441107
142,2005,Wheat,650,amount in rupees per quintal,2026-01-24 10:36:06.441272
143,2005,Gram,1435,amount in rupees per quintal,2026-01-24 10:36:06.441451
144,2005,Tur,1400,amount in rupees per quintal,2026-01-24 10:36:06.441631
145,2005,Moong,1520,amount in rupees per quintal,2026-01-24 10:36:06.441802
146,2005,Urad,1520,amount in rupees per quintal,2026-01-24 10:36:06.441979
147,2004,Paddy,560,amount in rupees per quintal,2026-01-24 10:36:06.442166
148,2004,Maize,515,amount in rupees per quintal,2026-01-24 10:36:06.442368
149,2004,Wheat,640,amount in rupees per quintal,2026-01-24 10:36:06.442566
150,2004,Gram,1425,amount in rupees per quintal,2026-01-24 10:36:06.442742
151,2004,Tur,1390,amount in rupees per quintal,2026-01-24 10:36:06.442924
152,2004,Moong,1410,amount in rupees per quintal,2026-01-24 10:36:06.4431
153,2004,Urad,1410,amount in rupees per quintal,2026-01-24 10:36:06.443267
154,2003,Paddy,550,amount in rupees per quintal,2026-01-24 10:36:06.443427
155,2003,Maize,505,amount in rupees per quintal,2026-01-24 10:36:06.443585
156,2003,Wheat,630,amount in rupees per quintal,2026-01-24 10:36:06.443748
157,2003,Gram,1400,amount in rupees per quintal,2026-01-24 10:36:06.443924
158,2003,Tur,1360,amount in rupees per quintal,2026-01-24 10:36:06.444117
159,2003,Moong,1370,amount in rupees per quintal,2026-01-24 10:36:06.444317
160,2003,Urad,1370,amount in rupees per quintal,2026-01-24 10:36:06.44449
161,2002,Paddy,530,amount in rupees per quintal,2026-01-24 10:36:06.444687
162,2002,Maize,485,amount in rupees per quintal,2026-01-24 10:36:06.444885
163,2002,Wheat,620,amount in rupees per quintal,2026-01-24 10:36:06.445059
164,2002,Gram,1220,amount in rupees per quintal,2026-01-24 10:36:06.445315
165,2002,Tur,1320,amount in rupees per quintal,2026-01-24 10:36:06.445571
166,2002,Moong,1330,amount in rupees per quintal,2026-01-24 10:36:06.445791
167,2002,Urad,1330,amount in rupees per quintal,2026-01-24 10:36:06.446054
168,2001,Paddy,530,amount in rupees per quintal,2026-01-24 10:36:06.446261
169,2001,Maize,485,amount in rupees per quintal,2026-01-24 10:36:06.446455
170,2001,Wheat,620,amount in rupees per quintal,2026-01-24 10:36:06.446648
171,2001,Gram,1200,amount in rupees per quintal,2026-01-24 10:36:06.446841
172,2001,Tur,1320,amount in rupees per quintal,2026-01-24 10:36:06.447019
173,2001,Moong,1320,amount in rupees per quintal,2026-01-24 10:36:06.447222
174,2001,Urad,1320,amount in rupees per quintal,2026-01-24 10:36:06.447451
175,2000,Paddy,510,amount in rupees per quintal,2026-01-24 10:36:06.44765
176,2000,Maize,445,amount in rupees per quintal,2026-01-24 10:36:06.447851
177,2000,Wheat,610,amount in rupees per quintal,2026-01-24 10:36:06.44811
178,2000,Gram,1100,amount in rupees per quintal,2026-01-24 10:36:06.44839
179,2000,Tur,1200,amount in rupees per quintal,2026-01-24 10:36:06.448581
180,2000,Moong,1200,amount in rupees per quintal,2026-01-24 10:36:06.448765
181,2000,Urad,1200,amount in rupees per quintal,2026-01-24 10:36:06.44897
182,1999,Paddy,490,amount in rupees per quintal,2026-01-24 10:36:06.449192
183,1999,Maize,415,amount in rupees per quintal,2026-01-24 10:36:06.449417
184,1999,Wheat,580,amount in rupees per quintal,2026-01-24 10:36:06.449617
185,1999,Gram,1015,amount in rupees per quintal,2026-01-24 10:36:06.449822
186,1999,Tur,1105,amount in rupees per quintal,2026-01-24 10:36:06.45003
187,1999,Moong,1105,amount in rupees per quintal,2026-01-24 10:36:06.450265
188,1999,Urad,1105,amount in rupees per quintal,2026-01-24 10:36:06.450489
189,1998,Paddy,440,amount in rupees per quintal,2026-01-24 10:36:06.450672
190,1998,Maize,390,amount in rupees per quintal,2026-01-24 10:36:06.450848
191,1998,Wheat,550,amount in rupees per quintal,2026-01-24 10:36:06.451011
192,1998,Gram,895,amount in rupees per quintal,2026-01-24 10:36:06.451258
193,1998,Tur,960,amount in rupees per quintal,2026-01-24 10:36:06.45145
194,1998,Moong,960,amount in rupees per quintal,2026-01-24 10:36:06.451626
195,1998,Urad,960,amount in rupees per quintal,2026-01-24 10:36:06.451795
196,1997,Paddy,415,amount in rupees per quintal,2026-01-24 10:36:06.451967
197,1997,Maize,360,amount in rupees per quintal,2026-01-24 10:36:06.452148
198,1997,Wheat,510,amount in rupees per quintal,2026-01-24 10:36:06.452317
199,1997,Gram,815,amount in rupees per quintal,2026-01-24 10:36:06.452484
200,1997,Tur,900,amount in rupees per quintal,2026-01-24 10:36:06.452659
201,1997,Moong,900,amount in rupees per quintal,2026-01-24 10:36:06.45284
202,1997,Urad,900,amount in rupees per quintal,2026-01-24 10:36:06.453021
203,1996,Paddy,380,amount in rupees per quintal,2026-01-24 10:36:06.453201
204,1996,Maize,310,amount in rupees per quintal,2026-01-24 10:36:06.453376
205,1996,Wheat,475,amount in rupees per quintal,2026-01-24 10:36:06.453539
206,1996,Gram,740,amount in rupees per quintal,2026-01-24 10:36:06.453706
207,1996,Tur,840,amount in rupees per quintal,2026-01-24 10:36:06.453868
208,1996,Moong,840,amount in rupees per quintal,2026-01-24 10:36:06.454021
209,1996,Urad,840,amount in rupees per quintal,2026-01-24 10:36:06.454195
210,1995,Paddy,360,amount in rupees per quintal,2026-01-24 10:36:06.454371
211,1995,Maize,300,amount in rupees per quintal,2026-01-24 10:36:06.454529
212,1995,Wheat,380,amount in rupees per quintal,2026-01-24 10:36:06.454687
213,1995,Gram,700,amount in rupees per quintal,2026-01-24 10:36:06.45485
214,1995,Tur,800,amount in rupees per quintal,2026-01-24 10:36:06.455004
215,1995,Moong,800,amount in rupees per quintal,2026-01-24 10:36:06.45517
216,1995,Urad,800,amount in rupees per quintal,2026-01-24 10:36:06.455344
217,1994,Paddy,340,amount in rupees per quintal,2026-01-24 10:36:06.455517
218,1994,Maize,280,amount in rupees per quintal,2026-01-24 10:36:06.455691
219,1994,Wheat,360,amount in rupees per quintal,2026-01-24 10:36:06.455862
220,1994,Gram,670,amount in rupees per quintal,2026-01-24 10:36:06.45602
221,1994,Tur,760,amount in rupees per quintal,2026-01-24 10:36:06.456295
222,1994,Moong,760,amount in rupees per quintal,2026-01-24 10:36:06.456502
223,1994,Urad,760,amount in rupees per quintal,2026-01-24 10:36:06.4567
224,1993,Paddy,310,amount in rupees per quintal,2026-01-24 10:36:06.456962
225,1993,Maize,260,amount in rupees per quintal,2026-01-24 10:36:06.457172
226,1993,Wheat,350,amount in rupees per quintal,2026-01-24 10:36:06.457378
227,1993,Gram,640,amount in rupees per quintal,2026-01-24 10:36:06.457582
228,1993,Tur,700,amount in rupees per quintal,2026-01-24 10:36:06.457768
229,1993,Moong,700,amount in rupees per quintal,2026-01-24 10:36:06.457974
230,1993,Urad,700,amount in rupees per quintal,2026-01-24 10:36:06.458187
231,1992,Paddy,270,amount in rupees per quintal,2026-01-24 10:36:06.458379
232,1992,Maize,240,amount in rupees per quintal,2026-01-24 10:36:06.458578
233,1992,Wheat,330,amount in rupees per quintal,2026-01-24 10:36:06.4588
234,1992,Gram,600,amount in rupees per quintal,2026-01-24 10:36:06.459037
235,1992,Tur,640,amount in rupees per quintal,2026-01-24 10:36:06.459268
236,1992,Moong,640,amount in rupees per quintal,2026-01-24 10:36:06.459472
237,1992,Urad,640,amount in rupees per quintal,2026-01-24 10:36:06.459647
238,1991,Paddy,230,amount in rupees per quintal,2026-01-24 10:36:06.45985
239,1991,Maize,205,amount in rupees per quintal,2026-01-24 10:36:06.460081
240,1991,Wheat,280,amount in rupees per quintal,2026-01-24 10:36:06.460279
241,1991,Gram,500,amount in rupees per quintal,2026-01-24 10:36:06.460489
242,1991,Tur,545,amount in rupees per quintal,2026-01-24 10:36:06.460687
243,1991,Moong,545,amount in rupees per quintal,2026-01-24 10:36:06.460883
244,1991,Urad,545,amount in rupees per quintal,2026-01-24 10:36:06.461057
245,1990,Paddy,205,amount in rupees per quintal,2026-01-24 10:36:06.461269
246,1990,Maize,180,amount in rupees per quintal,2026-01-24 10:36:06.461446
247,1990,Wheat,225,amount in rupees per quintal,2026-01-24 10:36:06.461606
248,1990,Gram,450,amount in rupees per quintal,2026-01-24 10:36:06.461771
249,1990,Tur,480,amount in rupees per quintal,2026-01-24 10:36:06.461928
250,1990,Moong,480,amount in rupees per quintal,2026-01-24 10:36:06.462094
251,1990,Urad,480,amount in rupees per quintal,2026-01-24 10:36:06.462279
252,1989,Paddy,185,amount in rupees per quintal,2026-01-24 10:36:06.462442
253,1989,Maize,165,amount in rupees per quintal,2026-01-24 10:36:06.462604
254,1989,Wheat,215,amount in rupees per quintal,2026-01-24 10:36:06.462789
255,1989,Gram,421,amount in rupees per quintal,2026-01-24 10:36:06.462963
256,1989,Tur,425,amount in rupees per quintal,2026-01-24 10:36:06.463145
257,1989,Moong,425,amount in rupees per quintal,2026-01-24 10:36:06.463319
258,1989,Urad,425,amount in rupees per quintal,2026-01-24 10:36:06.463489
259,1988,Paddy,160,amount in rupees per quintal,2026-01-24 10:36:06.463671
260,1988,Maize,145,amount in rupees per quintal,2026-01-24 10:36:06.463854
261,1988,Wheat,183,amount in rupees per quintal,2026-01-24 10:36:06.464034
262,1988,Gram,325,amount in rupees per quintal,2026-01-24 10:36:06.464243
263,1988,Tur,360,amount in rupees per quintal,2026-01-24 10:36:06.464444
264,1988,Moong,360,amount in rupees per quintal,2026-01-24 10:36:06.464636
265,1988,Urad,360,amount in rupees per quintal,2026-01-24 10:36:06.464855
266,1987,Paddy,150,amount in rupees per quintal,2026-01-24 10:36:06.465161
267,1987,Maize,135,amount in rupees per quintal,2026-01-24 10:36:06.465362
268,1987,Wheat,173,amount in rupees per quintal,2026-01-24 10:36:06.465549
269,1987,Gram,290,amount in rupees per quintal,2026-01-24 10:36:06.46573
270,1987,Tur,325,amount in rupees per quintal,2026-01-24 10:36:06.465899
271,1987,Moong,325,amount in rupees per quintal,2026-01-24 10:36:06.46608
272,1987,Urad,325,amount in rupees per quintal,2026-01-24 10:36:06.466249
273,1986,Paddy,146,amount in rupees per quintal,2026-01-24 10:36:06.466422
274,1986,Maize,132,amount in rupees per quintal,2026-01-24 10:36:06.466584
275,1986,Wheat,166,amount in rupees per quintal,2026-01-24 10:36:06.466745
276,1986,Gram,280,amount in rupees per quintal,2026-01-24 10:36:06.466905
277,1986,Tur,320,amount in rupees per quintal,2026-01-24 10:36:06.467062
278,1986,Moong,320,amount in rupees per quintal,2026-01-24 10:36:06.467247
279,1986,Urad,320,amount in rupees per quintal,2026-01-24 10:36:06.467453
280,1985,Paddy,142,amount in rupees per quintal,2026-01-24 10:36:06.467639
281,1985,Maize,130,amount in rupees per quintal,2026-01-24 10:36:06.467823
282,1985,Wheat,162,amount in rupees per quintal,2026-01-24 10:36:06.468031
283,1985,Gram,260,amount in rupees per quintal,2026-01-24 10:36:06.468271
284,1985,Tur,300,amount in rupees per quintal,2026-01-24 10:36:06.468473
285,1985,Moong,300,amount in rupees per quintal,2026-01-24 10:36:06.468664
286,1985,Urad,300,amount in rupees per quintal,2026-01-24 10:36:06.468886
287,1984,Paddy,137,amount in rupees per quintal,2026-01-24 10:36:06.469079
288,1984,Maize,130,amount in rupees per quintal,2026-01-24 10:36:06.469257
289,1984,Wheat,157,amount in rupees per quintal,2026-01-24 10:36:06.469432
290,1984,Gram,,amount in rupees per quintal,2026-01-24 10:36:06.469595
291,1984,Tur,275,amount in rupees per quintal,2026-01-24 10:36:06.46976
292,1984,Moong,275,amount in rupees per quintal,2026-01-24 10:36:06.469921
293,1984,Urad,275,amount in rupees per quintal,2026-01-24 10:36:06.470091
294,1983,Paddy,132,amount in rupees per quintal,2026-01-24 10:36:06.470277
295,1983,Maize,124,amount in rupees per quintal,2026-01-24 10:36:06.47046
296,1983,Wheat,152,amount in rupees per quintal,2026-01-24 10:36:06.470655
297,1983,Gram,240,amount in rupees per quintal,2026-01-24 10:36:06.470841
298,1983,Tur,245,amount in rupees per quintal,2026-01-24 10:36:06.47102
299,1983,Moong,250,amount in rupees per quintal,2026-01-24 10:36:06.471201
300,1983,Urad,245,amount in rupees per quintal,2026-01-24 10:36:06.471401
301,1982,Paddy,122,amount in rupees per quintal,2026-01-24 10:36:06.471592
302,1982,Maize,118,amount in rupees per quintal,2026-01-24 10:36:06.471779
303,1982,Wheat,151,amount in rupees per quintal,2026-01-24 10:36:06.471965
304,1982,Gram,235,amount in rupees per quintal,2026-01-24 10:36:06.472175
305,1982,Tur,215,amount in rupees per quintal,2026-01-24 10:36:06.47239
306,1982,Moong,240,amount in rupees per quintal,2026-01-24 10:36:06.47263
307,1982,Urad,230,amount in rupees per quintal,2026-01-24 10:36:06.472843
308,1981,Paddy,115,amount in rupees per quintal,2026-01-24 10:36:06.473042
309,1981,Maize,116,amount in rupees per quintal,2026-01-24 10:36:06.473255
310,1981,Wheat,142,amount in rupees per quintal,2026-01-24 10:36:06.47343
311,1981,Gram,,amount in rupees per quintal,2026-01-24 10:36:06.473588
312,1981,Tur,,amount in rupees per quintal,2026-01-24 10:36:06.473767
313,1981,Moong,,amount in rupees per quintal,2026-01-24 10:36:06.473954
314,1981,Urad,,amount in rupees per quintal,2026-01-24 10:36:06.474132
315,1980,Paddy,105,amount in rupees per quintal,2026-01-24 10:36:06.474303
316,1980,Maize,105,amount in rupees per quintal,2026-01-24 10:36:06.474479
317,1980,Wheat,130,amount in rupees per quintal,2026-01-24 10:36:06.474657
318,1980,Gram,,amount in rupees per quintal,2026-01-24 10:36:06.474833
319,1980,Tur,190,amount in rupees per quintal,2026-01-24 10:36:06.475015
320,1980,Moong,200,amount in rupees per quintal,2026-01-24 10:36:06.475202
321,1980,Urad,200,amount in rupees per quintal,2026-01-24 10:36:06.47538
322,1979,Paddy,95,amount in rupees per quintal,2026-01-24 10:36:06.475561
323,1979,Maize,95,amount in rupees per quintal,2026-01-24 10:36:06.47573
324,1979,Wheat,117,amount in rupees per quintal,2026-01-24 10:36:06.475893
325,1979,Gram,145,amount in rupees per quintal,2026-01-24 10:36:06.476064
326,1979,Tur,165,amount in rupees per quintal,2026-01-24 10:36:06.476257
327,1979,Moong,175,amount in rupees per quintal,2026-01-24 10:36:06.47643
328,1979,Urad,175,amount in rupees per quintal,2026-01-24 10:36:06.476596
329,1978,Paddy,85,amount in rupees per quintal,2026-01-24 10:36:06.476771
330,1978,Maize,85,amount in rupees per quintal,2026-01-24 10:36:06.476941
331,1978,Wheat,115,amount in rupees per quintal,2026-01-24 10:36:06.477125
332,1978,Gram,140,amount in rupees per quintal,2026-01-24 10:36:06.477335
333,1978,Tur,155,amount in rupees per quintal,2026-01-24 10:36:06.477511
334,1978,Moong,165,amount in rupees per quintal,2026-01-24 10:36:06.47768
335,1978,Urad,,amount in rupees per quintal,2026-01-24 10:36:06.477841
336,1977,Paddy,77,amount in rupees per quintal,2026-01-24 10:36:06.478051
337,1977,Maize,74,amount in rupees per quintal,2026-01-24 10:36:06.478268
338,1977,Wheat,112,amount in rupees per quintal,2026-01-24 10:36:06.478456
339,1977,Gram,125,amount in rupees per quintal,2026-01-24 10:36:06.478628
340,1977,Tur,,amount in rupees per quintal,2026-01-24 10:36:06.478789
341,1977,Moong,,amount in rupees per quintal,2026-01-24 10:36:06.478951
342,1977,Urad,,amount in rupees per quintal,2026-01-24 10:36:06.479128
343,1976,Paddy,74,amount in rupees per quintal,2026-01-24 10:36:06.479309
344,1976,Maize,74,amount in rupees per quintal,2026-01-24 10:36:06.479485
345,1976,Wheat,110,amount in rupees per quintal,2026-01-24 10:36:06.47965
346,1976,Gram,95,amount in rupees per quintal,2026-01-24 10:36:06.479814
347,1976,Tur,,amount in rupees per quintal,2026-01-24 10:36:06.47998
348,1976,Moong,,amount in rupees per quintal,2026-01-24 10:36:06.480152
349,1976,Urad,,amount in rupees per quintal,2026-01-24 10:36:06.480321
350,1975,Paddy,74,amount in rupees per quintal,2026-01-24 10:36:06.480489
351,1975,Maize,74,amount in rupees per quintal,2026-01-24 10:36:06.480658
352,1975,Wheat,105,amount in rupees per quintal,2026-01-24 10:36:06.480859
353,1975,Gram,90,amount in rupees per quintal,2026-01-24 10:36:06.481053
354,1975,Tur,,amount in rupees per quintal,2026-01-24 10:36:06.48127
355,1975,Moong,,amount in rupees per quintal,2026-01-24 10:36:06.481473
356,1975,Urad,,amount in rupees per quintal,2026-01-24 10:36:06.4817
357,2025,Wheat,2575,amount in rupees per quintal,2026-01-24 10:36:06.481873
358,2025,Wheat,2575,amount in rupees per quintal,2026-01-24 10:36:06.482035
359,2025,Gram,5800,amount in rupees per quintal,2026-01-24 10:36:06.482216
